ID,File,Type,Sex
Adenomus_kelartii,Adenomus_kelartii.nts,n,n
Albericus_variegatus,Albericus_variegatus.nts,n,n
Allophryne_ruthveni,Allophryne_ruthveni.nts,n,m
Alsodes_nodosus,Alsodes_nodosus.nts,n,n
Alytes_obstetricans,Alytes_obstetricans.nts,f,n
Amnirana_albolabris_F,Amnirana_albolabris_F.nts,n,f
Amnirana_albolabris_M,Amnirana_albolabris_M.nts,n,m
Anaxyrus_fowleri,Anaxyrus_fowleri.nts,n,n
Anaxyrus_quercicus,Anaxyrus_quercicus.nts,n,n
Anaxyrus_terrestris,Anaxyrus_terrestris.nts,n,n
Anodonthyla_boulengeri,Anodonthyla_boulengeri.nts,n,n
Ansonia_mcgregori,Ansonia_mcgregori.nts,n,f
Arenophryne_rotunda,Arenophryne_rotunda.nts,f,n
Aromobates_mayorgai,Aromobates_mayorgai.nts,n,n
Arthroleptis_bioko,Arthroleptis_bioko.nts,n,m
Ascaphus_truei,Ascaphus_truei.nts,n,m
Austrochaperina_robusta,Austrochaperina_robusta.nts,n,n
Batrachyla_taeniata,Batrachyla_taeniata.nts,n,n
Bombina_variegata,Bombina_variegata.nts,n,n
Brachycephalus_ephippium,Brachycephalus_ephippium.nts,n,n
Brachytarsophrys_carinensis,Brachytarsophrys_carinensis.nts,n,m
Breviceps_poweri,Breviceps_poweri.nts,n,n
Caudiverbera_caudiverbera,Caudiverbera_caudiverbera.nts,n,n
Ceratophrys_aurita,Ceratophrys_aurita.nts,n,n
Ceuthomantis_smaragdinus,Ceuthomantis_smaragdinus.nts,n,n
Choerophryne_rostellifer,Choerophryne_rostellifer.nts,n,n
Conraua_goliath,Conraua_goliath.nts,n,n
Cornufer_bufoniformis,Cornufer_bufoniformis.nts,n,n
Craugastor_megacephalus,Craugastor_megacephalus.nts,n,n
Cycloramphus_asper,Cycloramphus_asper.nts,n,n
Dasypops_schirchi,Dasypops_schirchi.nts,f,n
Dendrobates_trivittatus,Dendrobates_trivittatus.nts,n,n
Dermatonotus_muelleri,Dermatonotus_muelleri.nts,f,m
Discoglossus_pictus,Discoglossus_pictus.nts,n,n
Elachistocleis_bicolor,Elachistocleis_bicor.nts,f,n
Eleutherodactylus_antillensis,Eleutherodactylus_antillensis.nts,n,n
Eleutherodactylus_johnstonei,Eleutherodactylus_johnstonei.nts,n,n
Hadromophryne_natalensis,Heleophryne_natalensis.nts,n,n
Hemiphractus_probiscoideus,Hemiphractus_probiscoideus.nts,n,n
Hemisus_guineensis_F,Hemisus_guineensis_F.nts,f,f
Hemisus_guineensis_M,Hemisus_guineensis_M.nts,f,m
Hyalinobatrachium_fleishmanni,Hyalinobatrachium_fleishmanni.nts,n,m
Indirana_beddomi,Indirana_beddomi.nts,n,n
Kassina_senegalensis,Kassina_senegalensis.nts,n,n
Leiopelma_hamiltoni,Leiopelma_hamiltoni.nts,n,n
Leptodactylodon_axillaris_F,Leptodactylodon_axillaris_F.nts,n,f
Leptodactylodon_axillaris_M,Leptodactylodon_axillaris_M.nts,n,m
Leptodactylus_discodactylus,Leptodactylus_discodactylus.nts,n,n
Leptodactylus_fuscus,Leptodactylus_fuscus.nts,f,n
Limnonectes_parvus,Limnonectes_parvus.nts,n,n
Lithobates_clamitans,Lithobates_clamitans.nts,n,m
Litoria_auria,Litoria_auria.nts,n,m
Mantella_baroni,Mantella_baroni.nts,n,n
Micrixalus_adonis,Micrixalus_adonis.nts,n,m
Mixophes_fasciolatus,Mixophyes_fasciolatus.nts,n,f
Myersiella_microps,Myersiella_microps.nts,f,m
Myobatrachus_goeldii,Myobatrachus_goeldii.nts,f,n
Nasikabatrachus_sahadryensis,Nasikabatrachus_sahadryensis.nts,f,n
Nyctibatrachus_alicaiae,Nyctibatrachus_alicaiae.nts,n,m
Odontobatrachus_natator,Odontobatrachus_natator.nts,n,n
Odontonphrynus_americanus,Odontonphrynus_americanus.nts,n,m
Oerophryne_anthonyi,Oreophryne_anthonyi.nts,n,n
Pachymedusa_dacnicolor,Pachymedusa_dacnicolor.nts,n,n
Pelobates_fuscus,Pelobates_fuscus.nts,n,n
Petropedetes_palmipes,Petropedetes_palmipes.nts,n,n
Phrynobatrachus_kreffti,Phrynobatrachus_kreffti.nts,n,n
Pipa_pipa,Pipa_pipa.nts,n,n
Poyntonophrynus_vertebralis_F,Poyntonophrynus_vertebralis_F.nts,n,f
Poyntonophrynus_vertebralis_M,Poyntonophrynus_vertebralis_M.nts,n,m
Pseudacris_nigrita,Pseudacris_nigrita.nts,n,m
Pseudacris_ornata,Pseudacris_ornata.nts,f,m
Pseudacris_streckeri,Pseudacris_streckeri.nts,f,m
Pseudacris_triseriata,Pseudacris_triseriata.nts,n,m
Pyxicephalus_adspersus,Pyxicephalus_adspersus.nts,n,m
Rhacophorus_appendiculatus,Rhacophorus_appendiculatus.nts,n,n
Rhinoderma_darwinii,Rhinoderma_darwinii.nts,n,n
Rhinophrynus_dorsalis,Rhinophrynus_dorsalis.nts,f,n
Scaphiopus_holbrooki,Scaphiopus_holbrooki.nts,n,n
Sooglossus_sechellensis,Sooglossus_sechellensis.nts,n,n
Stereocyclops_incrassitus,Stereocyclops_incrassitus.nts,n,m
Strabomantis_anomalus,Strabomantis_anomalus.nts,n,f
Telmatobius_degener,Telmatobius_degener.nts,n,n
Xenorhina_rostrata,Xenorhina_rostrata.nts,n,n
