ID,Type,Sex
Adenomus_kelartii,n,n
Albericus_variegatus,n,n
Allophryne_ruthveni,n,m
Alsodes_nodosus,n,n
Alytes_obstetricans,f,n
Amnirana_albolabris_F,n,f
Amnirana_albolabris_M,n,m
Anaxyrus_fowleri,n,n
Anaxyrus_quercicus,n,n
Anaxyrus_terrestris,n,n
Anodonthyla_boulengeri,n,n
Ansonia_mcgregori,n,f
Aplastodiscus_perviridis,m,n
Arenophryne_rotunda,f,n
Aromobates_mayorgai,n,n
Arthroleptis_bioko,n,m
Ascaphus_truei,n,m
Austrochaperina_robusta,n,n
Barygenys_exsul,m,n
Batrachyla_taeniata,n,n
Bombina_variegata,n,n
Brachycephalus_ephippium,n,n
Brachytarsophrys_carinensis,n,m
Breviceps_poweri,b,n
Callulops_strictogaster,m,n
Caudiverbera_caudiverbera,n,n
Ceratophrys_aurita,b,n
Ceuthomantis_smaragdinus,n,n
Choerophryne_rostellifer,n,n
Conraua_goliath,n,n
Copiula_minor,m,n
Cornufer_bufoniformis,n,n
Craugastor_megacephalus,n,n
Cycloramphus_asper,n,n
Dasypops_schirchi,f,n
Dendrobates_trivittatus,n,n
Dermatonotus_muelleri,f,m
Discoglossus_pictus,n,n
Elachistocleis_bicolor,f,n
Eleutherodactylus_antillensis,n,n
Eleutherodactylus_johnstonei,n,n
Heleophryne_natalensis,n,n
Hemiphractus_probiscoideus,n,n
Hemisus_guineensis_F,f,f
Hemisus_guineensis_M,f,m
Hildebrandtia_ornata,m,m
Hyalinobatrachium_fleishmanni,n,m
Hylodes_asper,m,n
Indirana_beddomi,n,n
Kassina_senegalensis,n,n
Leiopelma_hamiltoni,n,n
Leptodactylodon_axillaris_F,n,f
Leptodactylodon_axillaris_M,n,m
Leptodactylus_discodactylus,n,n
Leptodactylus_fuscus,f,n
Leptodactylus_melanotus_F,m,f
Leptodactylus_melanotus_M,m,m
Limnonectes_parvus,n,n
Lithobates_clamitans,n,m
Litoria_auria,n,m
Mantella_baroni,n,n
Micrixalus_adonis,n,m
Mixophes_fasciolatus,n,f
Myersiella_microps,f,m
Myobatrachus_goeldii,f,n
Nasikabatrachus_sahyadrensis,f,n
Nyctibatrachus_alicaiae,n,m
Odontobatrachus_natator,n,n
Odontonphrynus_americanus,n,m
Oerophryne_anthonyi,n,n
Pachymedusa_dacnicolor,n,n
Pelobates_fuscus,b,n
Petropedetes_palmipes,n,n
Phrynobatrachus_kreffti,n,n
Pipa_pipa,n,n
Poyntonophrynus_vertebralis_F,n,f
Poyntonophrynus_vertebralis_M,n,m
Pseudacris_nigrita,n,m
Pseudacris_ornata,f,m
Pseudacris_streckeri,f,m
Pseudacris_triseriata,n,m
Pyxicephalus_adspersus,b,m
Rhacophorus_appendiculatus,n,n
Rhinoderma_darwinii,n,n
Rhinophrynus_dorsalis,f,n
Rhombophryne_testudo,m,n
Scaphiopus_holbrooki,b,n
Sooglossus_sechellensis,n,n
Stereocyclops_incrassitus,n,m
Strabomantis_anomalus,n,f
Synapturanus_mirandaribeiroi,m,f
Telmatobius_degener,n,n
Xenorhina_mehelyi,m,n
Xenorhina_mehelyi_2,m,n
Xenorhina_rostrata,n,n
