,Burrowing Type
Adenomus_kelaartii,Non-burrowing
Albericus_variegatus,Non-burrowing
Allophryne_ruthveni,Non-burrowing
Alsodes_nodosus,Non-burrowing
Alytes_obstetricans,Forward-burrowing
Hylarana_albolabris,Non-burrowing
Anaxyrus_fowleri,Non-burrowing
Anaxyrus_quercicus,Non-burrowing
Anaxyrus_terrestris,Non-burrowing
Anodonthyla_boulengerii,Non-burrowing
Ansonia_mcgregori,Non-burrowing
Aplastodiscus_perviridis,Unspecified-burrowing
Arenophryne_rotunda,Forward-burrowing
Aromobates_mayorgai,Non-burrowing
Arthroleptis_bioko,Non-burrowing
Ascaphus_truei,Non-burrowing
Austrochaperina_robusta,Non-burrowing
Barygenys_exsul,Unspecified-burrowing
Batrachyla_taeniata,Non-burrowing
Bombina_variegata,Non-burrowing
Brachycephalus_ephippium,Non-burrowing
Breviceps_poweri,Backward-burrowing
Callulops_stictogaster,Unspecified-burrowing
Calyptocephalella_gayi,Non-burrowing
Ceratophrys_aurita,Backward-burrowing
Ceuthomantis_smaragdinus,Non-burrowing
Choerophryne_rostellifer,Non-burrowing
Conraua_goliath,Non-burrowing
Copiula_minor,Unspecified-burrowing
Discodeles_bufoniformis,Non-burrowing
Craugastor_megacephalus,Non-burrowing
Cycloramphus_asper,Non-burrowing
Dasypops_schirchi,Forward-burrowing
Dendrobates_auratus,Non-burrowing
Dermatonotus_muelleri,Forward-burrowing
Discoglossus_pictus,Non-burrowing
Elachistocleis_bicolor,Forward-burrowing
Eleutherodactylus_antillensis,Non-burrowing
Eleutherodactylus_johnstonei,Non-burrowing
Hadromophryne_natalensis,Non-burrowing
Hemiphractus_proboscideus,Non-burrowing
Hemisus_guineensis,Forward-burrowing
Hildebrandtia_ornata,Unspecified-burrowing
Hyalinobatrachium_fleischmanni,Non-burrowing
Hylodes_asper,Unspecified-burrowing
Indirana_beddomii,Non-burrowing
Kassina_senegalensis,Non-burrowing
Leiopelma_hamiltoni,Non-burrowing
Leptodactylodon_axillaris,Non-burrowing
Leptodactylus_discodactylus,Non-burrowing
Leptodactylus_fuscus,Forward-burrowing
Leptodactylus_melanonotus,Unspecified-burrowing
Limnonectes_parvus,Non-burrowing
Rana_clamitans,Non-burrowing
Litoria_aurea,Non-burrowing
Mantella_baroni,Non-burrowing
Brachytarsophrys_carinense,Non-burrowing
Micrixalus_fuscus,Non-burrowing
Mixophyes_fasciolatus,Non-burrowing
Myersiella_microps,Forward-burrowing
Myobatrachus_gouldii,Forward-burrowing
Nasikabatrachus_sahyadrensis,Forward-burrowing
Nyctibatrachus_aliciae,Non-burrowing
Odontobatrachus_natator,Non-burrowing
Odontophrynus_americanus,Non-burrowing
Oreophryne_anthonyi,Non-burrowing
Pachymedusa_dacnicolor,Non-burrowing
Pelobates_fuscus,Backward-burrowing
Petropedetes_palmipes,Non-burrowing
Phrynobatrachus_krefftii,Non-burrowing
Pipa_pipa,Non-burrowing
Poyntonophrynus_vertebralis,Non-burrowing
Pseudacris_nigrita,Non-burrowing
Pseudacris_ornata,Forward-burrowing
Pseudacris_streckeri,Forward-burrowing
Pseudacris_triseriata,Non-burrowing
Pyxicephalus_adspersus,Backward-burrowing
Kurixalus_appendiculatus,Non-burrowing
Rhinoderma_darwinii,Non-burrowing
Rhinophrynus_dorsalis,Forward-burrowing
Rhombophryne_testudo,Unspecified-burrowing
Scaphiopus_holbrookii,Backward-burrowing
Sooglossus_sechellensis,Non-burrowing
Stereocyclops_incrassatus,Non-burrowing
Strabomantis_anomalus,Non-burrowing
Synapturanus_mirandaribeiroi,Unspecified-burrowing
Telmatobius_degener,Non-burrowing
Xenorhina_mehelyi,Unspecified-burrowing
Xenorhina_rostrata,Non-burrowing
