,Burrowing Type,Family
Ascaphus_truei,Non-burrowing,Ascaphidae
Leiopelma_hamiltoni,Non-burrowing,Leipelmatidae
Bombina_variegata,Non-burrowing,Bombinatoridae
Alytes_obstetricans,Forward-burrowing,Alytidae
Discoglossus_pictus,Non-burrowing,Alytidae
Rhinophrynus_dorsalis,Forward-burrowing,Rhynophrynidae
Pipa_pipa,Non-burrowing,Pipidae
Scaphiopus_holbrookii,Backward-burrowing,Scaphiopodidae
Brachytarsophrys_carinense,Non-burrowing,Megophryidae
Pelobates_fuscus,Backward-burrowing,Pelobatidae
Hadromophryne_natalensis,Non-burrowing,Heleophrynidae
Arenophryne_rotunda,Forward-burrowing,Myobatrachidae
Myobatrachus_gouldii,Forward-burrowing,Myobatrachidae
Mixophyes_fasciolatus,Non-burrowing,Myobatrachidae
Calyptocephalella_gayi,Non-burrowing,Calyptocephalellidae
Dendrobates_auratus,Non-burrowing,Dendrobatidae
Aromobates_mayorgai,Non-burrowing,Aromobatidae
Hemiphractus_proboscideus,Non-burrowing,Hemiphractidae
Ceuthomantis_smaragdinus,Non-burrowing,Craugastoridae
Brachycephalus_ephippium,Non-burrowing,Brachycephalidae
Eleutherodactylus_johnstonei,Non-burrowing,Eleutherodactylidae
Eleutherodactylus_antillensis,Non-burrowing,Eleutherodactylidae
Craugastor_megacephalus,Non-burrowing,Craugastoridae
Strabomantis_anomalus,Non-burrowing,Craugastoridae
Ceratophrys_aurita,Backward-burrowing,Ceratomphryidae
Rhinoderma_darwinii,Non-burrowing,Rhinodermatidae
Telmatobius_degener,Non-burrowing,Telmatobiidae
Cycloramphus_asper,Non-burrowing,Cycloramphidae
Batrachyla_taeniata,Non-burrowing,Batrachylidae
Hylodes_asper,Unspecified-burrowing,Hylodidae
Alsodes_nodosus,Non-burrowing,Alsodidae
Pachymedusa_dacnicolor,Non-burrowing,Phyllomedusidae
Litoria_aurea,Non-burrowing,Pelodryadidae
Aplastodiscus_perviridis,Unspecified-burrowing,Hylidae
Pseudacris_triseriata,Non-burrowing,Hylidae
Pseudacris_nigrita,Non-burrowing,Hylidae
Pseudacris_streckeri,Forward-burrowing,Hylidae
Pseudacris_ornata,Forward-burrowing,Hylidae
Odontophrynus_americanus,Non-burrowing,Odontophrynidae
Adenomus_kelaartii,Non-burrowing,Bufonidae
Ansonia_mcgregori,Non-burrowing,Bufonidae
Anaxyrus_fowleri,Non-burrowing,Bufonidae
Anaxyrus_terrestris,Non-burrowing,Bufonidae
Anaxyrus_quercicus,Non-burrowing,Bufonidae
Poyntonophrynus_vertebralis,Non-burrowing,Bufonidae
Leptodactylus_fuscus,Forward-burrowing,Leptodactylidae
Leptodactylus_discodactylus,Non-burrowing,Leptodactylidae
Leptodactylus_melanonotus,Unspecified-burrowing,Leptodactylidae
Hyalinobatrachium_fleischmanni,Non-burrowing,Centrolenidae
Allophryne_ruthveni,Non-burrowing,Allophrynidae
Nasikabatrachus_sahyadrensis,Forward-burrowing,Nasikabatrachidae
Sooglossus_sechellensis,Non-burrowing,Sooglossidae
Hemisus_guineensis,Forward-burrowing,Hemisotidae
Breviceps_poweri,Backward-burrowing,Brevicipitidae
Kassina_senegalensis,Non-burrowing,Hyperoliidae
Arthroleptis_bioko,Non-burrowing,Arthroleptidae
Leptodactylodon_axillaris,Non-burrowing,Artholeptidae
Dermatonotus_muelleri,Forward-burrowing,Microhylidae
Elachistocleis_bicolor,Forward-burrowing,Microhylidae
Stereocyclops_incrassatus,Non-burrowing,Microhylidae
Dasypops_schirchi,Forward-burrowing,Microhylidae
Myersiella_microps,Forward-burrowing,Microhylidae
Anodonthyla_boulengerii,Non-burrowing,Microhylidae
Rhombophryne_testudo,Unspecified-burrowing,Microhylidae
Synapturanus_mirandaribeiroi,Unspecified-burrowing,Microhylidae
Albericus_variegatus,Non-burrowing,Microhylidae
Choerophryne_rostellifer,Non-burrowing,Microhylidae
Xenorhina_mehelyi,Unspecified-burrowing,Microhylidae
Xenorhina_rostrata,Non-burrowing,Microhylidae
Austrochaperina_robusta,Non-burrowing,Microhylidae
Barygenys_exsul,Unspecified-burrowing,Microhylidae
Callulops_stictogaster,Unspecified-burrowing,Microhylidae
Copiula_minor,Unspecified-burrowing,Microhylidae
Oreophryne_anthonyi,Non-burrowing,Microhylidae
Hildebrandtia_ornata,Unspecified-burrowing,Ptychadenidae
Odontobatrachus_natator,Non-burrowing,Odontobatrachidae
Phrynobatrachus_krefftii,Non-burrowing,Phrynobatrachidae
Conraua_goliath,Non-burrowing,Conrauidae
Micrixalus_fuscus,Non-burrowing,Micrixalidae
Petropedetes_palmipes,Non-burrowing,Petropedetidae
Pyxicephalus_adspersus,Backward-burrowing,Pyxicephalidae
Discodeles_bufoniformis,Non-burrowing,Ceratobatrachidae
Nyctibatrachus_aliciae,Non-burrowing,Nyctibatrachidae
Indirana_beddomii,Non-burrowing,Ranixalidae
Limnonectes_parvus,Non-burrowing,Dicroglossidae
Rana_clamitans,Non-burrowing,Ranidae
Hylarana_albolabris,Non-burrowing,Ranidae
Kurixalus_appendiculatus,Non-burrowing,Rhacophoridae
Mantella_baroni,Non-burrowing,Mantellidae
