Acanthixalus_sonjae,a
Acris_blanchardi,a
Adelastes_hylonomos,a
Adelophryne_adiastola,a
Adelotus_brevis,a
Adelphobates_castaneoticus,a
Adenomera_ajurauna,d
Adenomus_dasi,a
Afrixalus_aureus,a
Agalychnis_annae,a
Aglyptodactylus_securifer,a
Albericus_alpestris,a
Alexteroon_hypsiphonus,a
Allobates_alessandroi,a
Allopaa_barmoachensis,a
Allophryne_relicta,a
Alsodes_australis,a
Altiphrynoides_malcolmi,a
Alytes_cisternasii,c
Amazophrynella_bokermanni,a
Ameerega_altamazonica,a
Amietia_amieti,a
Amietophrynus_asmarae,a
Amolops_afghanus,a
Anaxyrus_woodhousii,d
Andinobates_abditus,a
Andinophryne_atelopoides,a
Anhydrophryne_hewitti,d
Anodonthyla_boulengerii,a
Anomaloglossus_astralogaster,a
Anotheca_spinosa,a
Ansonia_albomaculata,a
Aparasphenodon_arapapa,a
Aphantophryne_minuta,a
Aplastodiscus_leucopygius,c
Arcovomer_passarellii,a
Arenophryne_rotunda,c
Argenteohyla_siemersi,a
Arlequinus_krebsi,a
Aromobates_alboguttatus,a
Arthroleptella_bicolor,a
Arthroleptides_martiensseni,a
Arthroleptis_stenodactylus,b
Ascaphus_montanus,a
Assa_darlingtoni,a
Asterophrys_leucopus,a
Astylosternus_batesi,a
Atelognathus_ceii,a
Atelopus_andinus,a
Atopophrynus_syntomopus,a
Aubria_subsigillata,b
Austrochaperina_adamantina,a
Babina_adenopleura,a
Balebreviceps_hillmani,a
Barbarophryne_brongersmai,a
Barbourula_kalimantanensis,a
Barycholos_pulcher,a
Barygenys_exsul,d
Batrachophrynus_brachydactylus,a
Batrachyla_antartandica,a
Batrachylodes_elegans,a
Beddomixalus_bijui,a
Blommersia_angolafa,a
Boehmantis_microtympanum,a
Bokermannohyla_ahenea,a
Bombina_orientalis,a
Boophis_albilabris,a
Borneophrys_edwardinae,a
Brachycephalus_alipioi,a
Brachytarsophrys_carinense,a
Breviceps_acutirostris,b
Bromeliohyla_bromeliacia,a
Bryophryne_abramalagae,a
Buergeria_buergeri,a
Bufo_ailaoanus,d
Bufoides_meghalayanus,a
Bufotes_viridis,b
Cacosternum_aggestum,a
Callixalus_pictus,a
Calluella_brooksii,a
Callulina_dawida,a
Callulops_stictogaster,c
Calyptocephalella_gayi,a
Capensibufo_rosei,a
Cardioglossa_alsco,a
Celsiella_revocata,a
Centrolene_acanthidiocephalum,a
Ceratobatrachus_guentheri,a
Ceratophrys_aurita,b
Ceuthomantis_aracamuni,a
Chacophrys_pierottii,b
Chaltenobatrachus_grandisonae,a
Chaperina_fusca,a
Charadrahyla_altipotens,a
Chiasmocleis_alagoanus,a
Chimerella_mariaelenae,a
Chiromantis_cherrapunjiae,a
Chlorolius_koehleri,a
Choerophryne_allisoni,a
Chrysobatrachus_cupreonitens,a
Chrysopaa_sternosignata,a
Churamiti_maridadi,a
Clinotarsus_alticola,a
Cochranella_ametarsia,a
Colostethus_agilis,a
Conraua_alleni,a
Cophixalus_aenigma,a
Cophyla_berara,a
Copiula_exspectata,a
Corythomantis_galeata,a
Craugastor_adamastus,a
Crinia_bilingua,a
Crossodactylodes_bokermanni,a
Crossodactylus_caramaschii,c
Cruziohyla_calcarifer,a
Cryptobatrachus_boulengeri,a
Cryptothylax_greshoffii,a
Ctenophryne_aterrima,a
Cycloramphus_acangatan,a
Cyclorana_alboguttata,b
Dasypops_schirchi,c
Dendrobates_auratus,a
Dendrobatorana_dorsalis,a
Dendrophryniscus_berthalutzae,a
Dendropsophus_acreanus,a
Dermatonotus_muelleri,c
Diaglena_spatulata,a
Diasporus_anthrax,a
Didynamipus_sjostedti,a
Dischidodactylus_colonnelloi,a
Discodeles_bufoniformis,a
Discoglossus_montalentii,a
Dryaderces_inframaculatus,a
Duellmanohyla_chamulae,a
Duttaphrynus_atukoralei,a
Dyscophus_insularis,d
Ecnomiohyla_echinata,a
Edalorhina_nasuta,a
Elachistocleis_bicolor,c
Eleutherodactylus_hypostenor,d
Engystomops_coloradorum,a
Epidalea_calamita,b
Epipedobates_anthonyi,a
Ericabatrachus_baleensis,a
Espadarana_andina,a
Euparkerella_brasiliensis,a
Eupemphix_nattereri,a
Euphlyctis_aloysii,a
Eupsophus_altor,d
Excidobates_captivus,a
Exerodonta_abdivita,a
Feihyla_fuhua,a
Fejervarya_altilabris,a
Flectonotus_fitzgeraldi,a
Fritziana_fissilis,a
Frostius_erythrophthalmus,a
Gastrophryne_carolinensis,d
Gastrophrynoides_borneensis,d
Gastrotheca_abdita,a
Genyophryne_thomsoni,d
Geobatrachus_walkeri,a
Geocrinia_alba,a
Gephyromantis_ambohitra,a
Ghatixalus_asterops,a
Ghatophryne_ornata,a
Glandirana_minima,a
Glyphoglossus_molossus,b
Gracilixalus_carinensis,a
Gracixalus_ananjevae,a
Guibemantis_albolineatus,a
Haddadus_aramunha,a
Hadromophryne_natalensis,a
Hamptophryne_alios,a
Heleioporus_albopunctatus,b
Heleophryne_hewitti,a
Hemiphractus_bubalus,a
Hemisus_guineensis,c
Heterixalus_alboguttatus,a
Hildebrandtia_macrotympanum,b
Holoaden_bradei,a
Hoplobatrachus_crassus,a
Hoplophryne_rogersi,a
Huia_cavitympanum,a
Hyalinobatrachium_aureoguttatum,a
Hydrolaetare_caparu,a
Hyla_gratiosa,b
Hylarana_albolabris,a
Hylodes_phyllodes,d
Hylomantis_aspera,a
Hylophorbus_atrifasciatus,a
Hylorina_sylvatica,a
Hyloscirtus_albopunctulatus,a
Hyloxalus_abditaurantius,a
Hymenochirus_boettgeri,a
Hyperolius_acuticephalus,a
Hypodactylus_adercus,a
Hypopachus_barberi,b
Hypsiboas_boans,c
Ikakogi_tayrona,a
Incilius_fastidiosus,d
Indirana_beddomii,a
Ingerana_baluensis,a
Ingerophrynus_biporcatus,a
Insuetophrynus_acarpicus,a
Ischnocnema_abdita,a
Isthmohyla_angustilineata,a
Itapotihyla_langsdorffii,a
Kalophrynus_baluensis,a
Kaloula_walteri,b
Kassina_arboricola,a
Kassinula_wittei,a
Kurixalus_appendiculatus,a
Laliostoma_labrosum,d
Lankanectes_corrugatus,a
Lanzarana_largeni,a
Latonia_nigriventer,a
Laurentophryne_parkeri,a
Lechriodus_aganoposis,a
Leiopelma_hochstetteri,a
Lepidobatrachus_laevis,b
Leptobrachella_baluensis,a
Leptobrachium_abbotti,a
Leptodactylodon_albiventris,a
Leptodactylus_bufonius,c
Leptolalax_aereus,a
Leptopelis_bocagii,b
Leptophryne_borbonica,a
Limnodynastes_dumerilii,b
Limnomedusa_macroglossa,a
Limnonectes_blythii,d
Liophryne_allisoni,a
Lithodytes_lineatus,a
Litoria_dahlii,a
Liuixalus_hainanus,a
Lynchius_flavomaculatus,a
Lysapsus_boliviana,a
Macrogenioglottus_alipioi,a
Madecassophryne_truebae,a
Mannophryne_caquetio,a
Mantella_aurantiaca,a
Mantidactylus_aerumnalis,a
Mantophryne_axanthogaster,a
Megaelosia_apuana,a
Megastomatohyla_mixe,a
Megophrys_ancrae,a
Melanobatrachus_indicus,a
Melanophryniscus_admirabilis,a
Mercurana_myristicapalustris,a
Meristogenys_amoropalamus,a
Mertensophryne_anotis,a
Metacrinia_nichollsi,a
Metamagnusia_slateri,a
Metaphrynella_pollicaris,a
Metaphryniscus_sosai,a
Micrixalus_elegans,a
Microbatrachella_capensis,a
Microhyla_achatina,a
Micryletta_inornata,a
Minyobates_steyermarki,a
Mixophyes_balbus,a
Morerella_cyanophthalma,a
Mucubatrachus_briceni,a
Myersiella_microps,c
Myersiohyla_chamaeleo,a
Myobatrachus_gouldii,c
Nannophryne_apolobambica,a
Nannophrys_ceylonensis,a
Nanorana_aenea,a
Nasikabatrachus_sahyadrensis,c
Natalobatrachus_bonebergi,a
Nectophryne_afra,a
Nectophrynoides_asperginis,a
Necturus_punctatus,a
Neobatrachus_aquilonius,b
Niceforonia_adenobrachia,a
Nimbaphrynoides_occidentalis,a
Noblella_heyeri,a
Notaden_bennettii,b
Nothophryne_broadleyi,a
Nyctibates_corrugatus,a
Nyctibatrachus_acanthodermis,a
Nyctimantis_rugiceps,a
Nyctimystes_avocalis,a
Nyctixalus_margaritifer,a
Nymphargus_anomalus,a
Occidozyga_laevis,d
Odontobatrachus_natator,a
Odontophrynus_americanus,b
Odorrana_absita,a
Ombrana_sikimensis,a
Oninia_senglaubi,a
Oophaga_arborea,a
Ophryophryne_gerti,a
Opisthothylax_immaculatus,a
Oreobates_amarakaeri,a
Oreolalax_chuanbeiensis,a
Oreophryne_albopunctata,a
Oreophrynella_cryptica,a
Osornophryne_angel,a
Osteocephalus_alboguttatus,a
Osteopilus_crucialis,a
Otophryne_pyburni,a
Oxydactyla_stenodactyla,d
Pachymedusa_dacnicolor,a
Paedophryne_amauensis,a
Palmatorappia_solomonis,a
Paracassina_kounhiensis,a
Paracrinia_haswelli,a
Paradoxophyla_palmata,a
Paramophrynella_boconoensis,a
Parapelophryne_scalpta,a
Paratelmatobius_mantiqueira,a
Parhoplophryne_usambarica,a
Pedostibes_tuberculosus,a
Pelobates_cultripes,b
Pelodytes_caucasicus,a
Pelophryne_albotaeniata,a
Pelophylax_bedriagae,a
Peltophryne_cataulaciceps,a
Petropedetes_cameronensis,a
Phasmahyla_cochranae,a
Pherohapsis_menziesi,a
Philautus_abditus,a
Philoria_loveridgei,d
Phlyctimantis_boulengeri,a
Phrynella_pulchra,a
Phrynobatrachus_accraensis,a
Phrynoidis_aspera,a
Phrynomantis_affinis,a
Phrynomedusa_appendiculata,a
Phrynopus_auriculatus,a
Phyllobates_aurotaenia,a
Phyllodytes_acuminatus,a
Phyllomedusa_araguari,a
Physalaemus_caete,b
Phytotriades_auratus,a
Phyzelaphryne_miriamae,a
Pipa_arrabali,a
Platymantis_bimaculatus,a
Platypelis_alticola,a
Platyplectrum_ornatum,b
Plectrohyla_acanthodes,a
Plethodontohyla_fonetana,d
Pleurodema_alium,b
Polypedates_assamensis,a
Poyntonia_paludicola,a
Poyntonophrynus_beiranus,a
Pristimantis_aaptus,a
Probreviceps_durirostris,b
Proceratophrys_boiei,b
Pseudacris_streckeri,c
Pseudhymenochirus_merlini,a
Pseudis_bolbodactyla,a
Pseudobufo_subasper,a
Pseudocallulops_eurydactylus,a
Pseudopaludicola_ameghini,a
Pseudophilautus_abundus,a
Pseudophryne_douglasi,b
Psychrophrynella_adenopleura,a
Pterorana_khare,a
Ptychadena_aequiplicata,a
Ptychohyla_acrochorda,a
Pyxicephalus_adspersus,b
Quasipaa_acanthophora,a
Ramanella_anamalaiensis,a
Rana_areolata,b
Ranitomeya_amazonica,a
Raorchestes_agasthyaensis,a
Rhacophorus_vampyrus,a
Rhaebo_andinophrynoides,a
Rheobates_palmatus,a
Rheobatrachus_silus,a
Rhinella_fernandezae,b
Rhinoderma_darwinii,a
Rhinophrynus_dorsalis,c
Rhombophryne_testudo,d
Rugosa_emelianjovi,a
Rulyrana_adiazeta,a
Rupirana_cardosoi,a
Sabahphrynus_maculatus,a
Sachatamia_albomaculata,a
Sanguirana_albotuberculata,a
Scaphiophryne_marmorata,b
Scaphiopus_couchii,b
Scarthyla_goinorum,a
Schismaderma_carens,a
Scinax_acuminatus,a
Scotobleps_gabonicus,a
Scutiger_adungensis,a
Scythrophrys_sawayae,a
Sechellophryne_pipilodryas,a
Semnodactylus_wealii,a
Silverstoneia_dalyi,a
Smilisca_fodiens,b
Somuncuria_somuncurensis,a
Sooglossus_thomasseti,a
Spea_bombifrons,b
Spelaeophryne_methneri,a
Sphaenorhynchus_botocudo,a
Sphaerotheca_breviceps,b
Sphenophryne_cornuta,a
Spicospina_flammocaerulea,a
Spinomantis_aglavei,a
Staurois_guttatus,a
Stefania_ackawaio,a
Stereocyclops_incrassatus,a
Strabomantis_anatipes,a
Strauchbufo_raddei,a
Strongylopus_bonaespei,a
Stumpffia_helenae,a
Synapturanus_mirandaribeiroi,d
Syncope_hudsoni,a
Tachycnemis_seychellensis,a
Taruga_eques,a
Taudactylus_acutirostris,a
Telmatobius_arequipensis,a
Telmatobufo_bullocki,a
Tepuihyla_aecii,a
Teratohyla_adenocheira,a
Theloderma_andersoni,a
Thoropa_lutzi,a
Tlalocohyla_godmani,a
Tomopterna_cryptotis,d
Trachycephalus_atlas,a
Trichobatrachus_robustus,d
Triprion_petasatus,a
Truebella_skoptes,a
Tsingymantis_antitra,a
Uperodon_systoma,b
Uperoleia_daviesae,d
Vandijkophrynus_amatolicus,a
Vibrissaphora_echinata,a
Vitreorana_antisthenesi,a
Wakea_madinika,a
Werneria_bambutensis,a
Wolterstorffina_chirioi,a
Xanthophryne_koynayensis,a
Xenohyla_eugenioi,a
Xenophrys_baluensis,a
Xenopus_amieti,a
Xenorhina_mehelyi,d
Zachaenus_carvalhoi,a
